matiere,annee,chapitre,seance,standard,difficile,expert,total,alertes
ADOC,1re,01,01,4,4,4,12,
ADOC,1re,01,02,3,4,3,10,
ADOC,1re,01,03,4,5,3,12,
ADOC,1re,01,05,3,3,4,10,
ADOC,1re,02,10,2,4,4,10,
ADOC,1re,02,11,4,4,2,10,
ADOC,1re,02,12,3,5,2,10,
ADOC,1re,02,06,3,3,4,10,
ADOC,1re,02,07,4,3,3,10,
ADOC,1re,02,08,3,5,2,10,
ADOC,1re,03,13,3,4,3,10,
ADOC,1re,03,14,3,3,4,10,
ADOC,1re,03,16,2,5,3,10,
ADOC,1re,03,17,3,4,3,10,
ADOC,1re,03,19,4,3,3,10,
ADOC,1re,04,20,3,4,3,10,
ADOC,1re,04,21,4,3,3,10,
ADOC,1re,04,22,3,4,3,10,
ADOC,1re,04,23,4,3,3,10,
ADOC,1re,04,24,3,4,3,10,
ADOC,1re,04,25,3,4,3,10,
ADOC,1re,04,27,3,3,4,10,
ADOC,1re,04,28,4,3,3,10,
ADOC,1re,05,29,5,3,2,10,
ADOC,1re,05,30,4,5,2,11,
ADOC,1re,05,32,3,4,3,10,
ADOC,1re,05,33,3,5,2,10,
ADOC,1re,05,34,3,5,3,11,
ADOC,2e,01,01,3,5,2,10,
ADOC,2e,01,02,4,4,2,10,
ADOC,2e,01,03,2,4,4,10,
ADOC,2e,01,05,3,4,3,10,
ADOC,2e,01,06,4,4,2,10,
ADOC,2e,01,07,3,3,4,10,
ADOC,2e,02,10,3,4,3,10,
ADOC,2e,02,11,4,3,3,10,
ADOC,2e,02,13,2,5,3,10,
ADOC,2e,02,09,4,4,2,10,
ADOC,2e,03,14,4,4,2,10,
ADOC,2e,03,15,4,4,2,10,
ADOC,2e,03,18,2,4,4,10,
ADOC,2e,03,19,2,4,4,10,
ADOC,2e,04,20,4,3,3,10,
ADOC,2e,04,21,3,4,3,10,
ADOC,2e,04,22,2,4,4,10,
ADOC,2e,04,24,3,3,4,10,
ADOC,2e,04,26,2,4,4,10,
ADOC,2e,05,27,4,3,3,10,
ADOC,2e,05,28,3,4,3,10,
ADOC,2e,05,30,2,5,3,10,
ADOC,2e,05,31,3,3,4,10,
ADOC,2e,05,32,2,5,3,10,
DRCV,1re,00,01,3,4,3,10,
DRCV,1re,01,02,4,3,3,10,
DRCV,1re,01,03,3,4,3,10,
DRCV,1re,01,04,3,4,3,10,
DRCV,1re,01,05,4,3,3,10,
DRCV,1re,02,06,3,4,3,10,
DRCV,1re,02,07,3,4,3,10,
DRCV,1re,02,09,2,4,4,10,
DRCV,1re,03,11,4,3,3,10,
DRCV,1re,03,12,3,3,4,10,
DRCV,1re,04,13,4,3,3,10,
DRCV,1re,04,14,2,4,4,10,
DRCV,1re,05,15,3,4,3,10,
DRCV,1re,05,16,4,3,3,10,
DRCV,1re,05,18,3,3,4,10,
DRCV,1re,06,19,2,5,3,10,
DRCV,1re,06,20,3,3,4,10,
DRCV,1re,06,22,3,4,3,10,
DRCV,1re,06,23,3,3,4,10,
DRCV,1re,06,24,3,4,3,10,
DRCV,1re,06,25,3,4,3,10,
DRCV,1re,06,27,2,4,4,10,
DRCV,1re,07,28,3,4,3,10,
DRCV,1re,07,29,3,4,3,10,
DRCV,1re,07,31,3,3,4,10,
DRCV,1re,07,32,2,4,4,10,
DRCV,1re,07,33,3,4,3,10,
DRCV,1re,07,34,2,5,3,10,
DRCV,2e,01,10,2,5,3,10,
DRCV,2e,01,11,2,4,4,10,
DRCV,2e,01,13,3,3,4,10,
DRCV,2e,01,14,2,4,4,10,
DRCV,2e,01,15,2,4,4,10,
DRCV,2e,01,01,3,4,3,10,
DRCV,2e,01,02,3,3,4,10,
DRCV,2e,01,03,2,5,3,10,
DRCV,2e,01,05,2,4,4,10,
DRCV,2e,01,06,3,4,3,10,
DRCV,2e,01,07,3,4,3,10,
DRCV,2e,02,18,4,3,3,10,
DRCV,2e,02,19,2,5,3,10,
DRCV,2e,02,20,3,4,3,10,
DRCV,2e,02,21,2,5,3,10,
DRCV,2e,02,22,3,4,3,10,
DRCV,2e,02,24,3,4,3,10,
DRCV,2e,02,26,2,4,4,10,
DRCV,2e,02,27,3,3,4,10,
DRCV,2e,02,28,2,4,4,10,
DRCV,2e,02,30,2,4,4,10,
DRCV,2e,02,31,2,5,3,10,
DRCV,2e,02,32,2,3,5,10,
GO,1re,01,01,5,3,2,10,
GO,1re,01,02,2,5,3,10,
GO,1re,01,03,4,4,2,10,
GO,1re,02,04,4,4,2,10,
GO,1re,02,05,3,3,4,10,
GO,1re,03,10,4,4,2,10,
GO,1re,03,11,2,4,4,10,
GO,1re,03,12,3,5,2,10,
GO,1re,03,13,3,4,3,10,
GO,1re,03,06,3,5,2,10,
GO,1re,03,07,3,4,3,10,
GO,1re,04,14,4,4,2,10,
GO,1re,04,15,2,6,2,10,
GO,1re,04,16,3,5,2,10,
GO,1re,04,18,2,5,3,10,
GO,1re,04,19,3,4,3,10,
GO,1re,04,20,3,4,3,10,
GO,1re,04,22,3,4,3,10,
GO,1re,05,23,4,4,2,10,
GO,1re,05,24,3,5,2,10,
GO,1re,05,25,2,5,3,10,
GO,1re,05,27,3,5,2,10,
GO,1re,05,28,2,5,3,10,
GO,1re,05,29,2,3,5,10,
GO,1re,06,31,4,4,2,10,
GO,1re,06,32,3,4,3,10,
GO,1re,06,33,1,4,5,10,
GO,1re,06,34,2,4,4,10,
GO,2e,01,01,5,3,2,10,
GO,2e,01,02,2,5,3,10,
GO,2e,01,03,3,5,2,10,
GO,2e,02,10,2,5,3,10,
GO,2e,02,04,4,3,3,10,
GO,2e,02,05,3,4,3,10,
GO,2e,02,06,2,5,3,10,
GO,2e,02,09,2,4,4,10,
GO,2e,03,12,4,3,3,10,
GO,2e,03,13,2,5,3,10,
GO,2e,03,15,4,4,2,10,
GO,2e,03,16,3,5,2,10,
GO,2e,03,19,2,4,4,10,
GO,2e,03,21,4,4,2,10,
GO,2e,03,22,3,4,3,10,
GO,2e,03,23,2,5,3,10,
GO,2e,03,24,2,4,4,10,
GO,2e,04,26,4,4,2,10,
GO,2e,04,28,3,4,3,10,
GO,2e,04,29,3,4,3,10,
GO,2e,04,30,3,4,3,10,
GO,2e,04,31,4,4,2,10,
GO,2e,04,32,1,5,4,10,
GO,2e,04,33,3,4,3,10,
